sequences,Pred Z-scores,uncertainty,exact matches,exact active,mmp
!FMPLNFTASG,2.8487305641174316,0.15847446024417877,0,0,MMP11
!LGPYAMTSRG,2.6952784061431885,0.26828643679618835,0,0,MMP11
!--AAALS---,0.39510098099708557,0.27390050888061523,0,0,MMP11
!YGPRAVTASG,-0.19743818044662476,0.266349732875824,0,0,MMP11
!AKPNRLVNSY,-0.24377970397472382,0.12677153944969177,0,0,MMP11
!AARFKKFATE,-0.5490648150444031,0.14906173944473267,0,0,MMP11
!SGPRAFWGTA,-0.5633898973464966,0.1367598921060562,0,0,MMP11
