sequences,Pred Z-scores,uncertainty,exact matches,exact active,mmp
!LGPYAMTSRG,2.179933547973633,0.3576124310493469,0,0,MMP14
!FMPLNFTASG,1.6570823192596436,0.24998684227466583,0,0,MMP14
!SGPRAFWGTA,0.3014993965625763,0.1848316490650177,0,0,MMP14
!--AAALS---,0.17703023552894592,0.3022880554199219,0,0,MMP14
!YGPRAVTASG,0.1303165704011917,0.26737239956855774,0,0,MMP14
!AARFKKFATE,-0.6598070859909058,0.09293496608734131,0,0,MMP14
!AKPNRLVNSY,-0.7580814957618713,0.058403130620718,0,0,MMP14
