sequences,Pred Z-scores,uncertainty,exact matches,exact active,mmp
!LGPYAMTSRG,2.002262830734253,0.37539559602737427,0,0,MMP16
!FMPLNFTASG,1.6694285869598389,0.16041740775108337,0,0,MMP16
!--AAALS---,0.2394009828567505,0.28955894708633423,0,0,MMP16
!SGPRAFWGTA,-0.06300750374794006,0.13136528432369232,0,0,MMP16
!YGPRAVTASG,-0.16490843892097473,0.1955210566520691,0,0,MMP16
!AKPNRLVNSY,-0.7533323764801025,0.14812766015529633,0,0,MMP16
!AARFKKFATE,-0.9868190884590149,0.13530384004116058,0,0,MMP16
