sequences,Weighted Z-scores,uncertainty,exact matches,exact active,mmp
!AARFKKFATE,0.9915101223570459,0.16951435804367065,0,0,MMP19
!AKPNRLVNSY,0.5302376034053262,0.22607269883155823,0,0,MMP19
!YGPRAVTASG,0.09556102073367903,0.28751155734062195,0,0,MMP19
!SGPRAFWGTA,-0.0933036643135197,0.148122638463974,0,0,MMP19
!--AAALS---,-0.4823729667593451,0.1690608263015747,0,0,MMP19
!FMPLNFTASG,-1.297137109672322,0.21030060946941376,0,0,MMP19
!LGPYAMTSRG,-1.5407155050950894,0.27778375148773193,0,0,MMP19
