sequences,Weighted Z-scores,uncertainty,exact matches,exact active,mmp
!FMPLNFTASG,1.1331055059152493,0.15544220805168152,0,0,MMP1
!LGPYAMTSRG,1.050469433560091,0.25065314769744873,0,0,MMP1
!YGPRAVTASG,-0.05540067636791399,0.33450132608413696,0,0,MMP1
!AARFKKFATE,-0.17211229901979952,0.0814606323838234,0,0,MMP1
!SGPRAFWGTA,-0.32509570820804906,0.17810611426830292,0,0,MMP1
!--AAALS---,-0.33324428340967965,0.2621092200279236,0,0,MMP1
!AKPNRLVNSY,-0.36646958427531096,0.054186299443244934,0,0,MMP1
