sequences,Pred Z-scores,uncertainty,exact matches,exact active,mmp
!LGPYAMTSRG,2.4802603721618652,0.2313949167728424,0,0,MMP13
!FMPLNFTASG,2.4593446254730225,0.11939380317926407,0,0,MMP13
!YGPRAVTASG,1.7772471904754639,0.22228007018566132,0,0,MMP13
!SGPRAFWGTA,1.6718788146972656,0.15023674070835114,0,0,MMP13
!AKPNRLVNSY,0.15401601791381836,0.12966443598270416,0,0,MMP13
!--AAALS---,0.1515013724565506,0.2742808759212494,0,0,MMP13
!AARFKKFATE,-0.7628769874572754,0.33508750796318054,0,0,MMP13
