sequences,Pred Z-scores,uncertainty,exact matches,exact active,mmp
!FMPLNFTASG,1.9824333190917969,0.1200333908200264,0,0,MMP12
!LGPYAMTSRG,1.7060317993164062,0.1581851691007614,0,0,MMP12
!--AAALS---,0.4178159832954407,0.30453211069107056,0,0,MMP12
!AKPNRLVNSY,0.316298246383667,0.18492241203784943,0,0,MMP12
!SGPRAFWGTA,0.11729919910430908,0.18112091720104218,0,0,MMP12
!YGPRAVTASG,0.04079822450876236,0.21188701689243317,0,0,MMP12
!AARFKKFATE,-0.5497919321060181,0.10675020515918732,0,0,MMP12
