sequences,Weighted Z-scores,uncertainty,exact matches,exact active,mmp
!AKPNRLVNSY,0.3896556765265653,0.18492241203784943,0,0,MMP12
!SGPRAFWGTA,0.014535032322301578,0.18112091720104218,0,0,MMP12
!--AAALS---,0.014111684525714208,0.30453211069107056,0,0,MMP12
!AARFKKFATE,-0.06276406501145926,0.10675020515918732,0,0,MMP12
!YGPRAVTASG,-0.1741242012118592,0.21188701689243317,0,0,MMP12
!FMPLNFTASG,-0.2466909710098717,0.1200333908200264,0,0,MMP12
!LGPYAMTSRG,-0.4683606414233936,0.1581851691007614,0,0,MMP12
