sequences,Weighted Z-scores,uncertainty,exact matches,exact active,mmp
!YGPRAVTASG,1.664468821576413,0.22228007018566132,0,0,MMP13
!SGPRAFWGTA,1.6605605076560204,0.15023674070835114,0,0,MMP13
!LGPYAMTSRG,0.3514107886482689,0.2313949167728424,0,0,MMP13
!FMPLNFTASG,0.25827394162907336,0.11939380317926407,0,0,MMP13
!AKPNRLVNSY,0.21782743461731383,0.12966443598270416,0,0,MMP13
!--AAALS---,-0.26786849165664,0.2742808759212494,0,0,MMP13
!AARFKKFATE,-0.28838353538337874,0.33508750796318054,0,0,MMP13
