sequences,Pred Z-scores,uncertainty,exact matches,exact active,mmp
!FMPLNFTASG,3.1717400550842285,0.19378238916397095,0,0,MMP10
!LGPYAMTSRG,2.3080382347106934,0.28485503792762756,0,0,MMP10
!--AAALS---,0.4161054491996765,0.3408851623535156,0,0,MMP10
!SGPRAFWGTA,0.18581898510456085,0.16567017138004303,0,0,MMP10
!YGPRAVTASG,-0.10406700521707535,0.29791638255119324,0,0,MMP10
!AKPNRLVNSY,-0.2922552227973938,0.19514325261116028,0,0,MMP10
!AARFKKFATE,-0.38474375009536743,0.11104407906532288,0,0,MMP10
