sequences,Pred Z-scores,uncertainty,exact matches,exact active,mmp
!LGPYAMTSRG,1.4920337200164795,0.3183254301548004,0,0,MMP17
!FMPLNFTASG,1.1501247882843018,0.2306874841451645,0,0,MMP17
!--AAALS---,1.0154740810394287,0.4248913526535034,0,0,MMP17
!AKPNRLVNSY,0.44434794783592224,0.23851491510868073,0,0,MMP17
!AARFKKFATE,-0.15616552531719208,0.13692647218704224,0,0,MMP17
!SGPRAFWGTA,-0.6984003782272339,0.1270962506532669,0,0,MMP17
!YGPRAVTASG,-0.764717698097229,0.21435360610485077,0,0,MMP17
