sequences,Weighted Z-scores,uncertainty,exact matches,exact active,mmp
!LGPYAMTSRG,-0.15470425521626208,0.37539559602737427,0,0,MMP16
!--AAALS---,-0.1747983159387813,0.28955894708633423,0,0,MMP16
!SGPRAFWGTA,-0.17637794716831517,0.13136528432369232,0,0,MMP16
!YGPRAVTASG,-0.3919312566080514,0.1955210566520691,0,0,MMP16
!AARFKKFATE,-0.5254987011499265,0.13530384004116058,0,0,MMP16
!FMPLNFTASG,-0.5781077462084152,0.16041740775108337,0,0,MMP16
!AKPNRLVNSY,-0.7428943947409553,0.14812766015529633,0,0,MMP16
