sequences,Pred Z-scores,uncertainty,exact matches,exact active,mmp
!FMPLNFTASG,3.285574436187744,0.15544220805168152,0,0,MMP1
!LGPYAMTSRG,3.1404824256896973,0.25065314769744873,0,0,MMP1
!YGPRAVTASG,0.1529259979724884,0.33450132608413696,0,0,MMP1
!--AAALS---,0.08975756913423538,0.2621092200279236,0,0,MMP1
!SGPRAFWGTA,-0.20346316695213318,0.17810611426830292,0,0,MMP1
!AKPNRLVNSY,-0.39782005548477173,0.054186299443244934,0,0,MMP1
!AARFKKFATE,-0.6530652642250061,0.0814606323838234,0,0,MMP1
