sequences,Weighted Z-scores,uncertainty,exact matches,exact active,mmp
!--AAALS---,-0.1802946828743991,0.298653244972229,0,0,MMP15
!SGPRAFWGTA,-0.26396489877472906,0.1405903548002243,0,0,MMP15
!YGPRAVTASG,-0.45449346632641907,0.27514412999153137,0,0,MMP15
!LGPYAMTSRG,-0.47848941999323236,0.341678261756897,0,0,MMP15
!AARFKKFATE,-0.4986405747340006,0.22975604236125946,0,0,MMP15
!AKPNRLVNSY,-0.6094723566065487,0.14323817193508148,0,0,MMP15
!FMPLNFTASG,-0.6160187826437107,0.10830891132354736,0,0,MMP15
