sequences,Weighted Z-scores,uncertainty,exact matches,exact active,mmp
!SGPRAFWGTA,0.20957053551340804,0.1848316490650177,0,0,MMP14
!LGPYAMTSRG,0.03341768068425788,0.3576124310493469,0,0,MMP14
!YGPRAVTASG,-0.07934007026693402,0.26737239956855774,0,0,MMP14
!AARFKKFATE,-0.17925069853663445,0.09293496608734131,0,0,MMP14
!--AAALS---,-0.2408379307564567,0.3022880554199219,0,0,MMP14
!FMPLNFTASG,-0.5911802649497986,0.24998684227466583,0,0,MMP14
!AKPNRLVNSY,-0.7479228739804753,0.058403130620718,0,0,MMP14
