sequences,Pred Z-scores,uncertainty,exact matches,exact active,mmp
!LGPYAMTSRG,1.6964657306671143,0.341678261756897,0,0,MMP15
!FMPLNFTASG,1.633623719215393,0.10830891132354736,0,0,MMP15
!--AAALS---,0.23420996963977814,0.298653244972229,0,0,MMP15
!SGPRAFWGTA,-0.14572851359844208,0.1405903548002243,0,0,MMP15
!YGPRAVTASG,-0.22399497032165527,0.27514412999153137,0,0,MMP15
!AKPNRLVNSY,-0.6273226737976074,0.14323817193508148,0,0,MMP15
!AARFKKFATE,-0.9614530801773071,0.22975604236125946,0,0,MMP15
