sequences,Weighted Z-scores,uncertainty,exact matches,exact active,mmp
!AARFKKFATE,0.29835404126959686,0.2205200344324112,0,0,MMP20
!AKPNRLVNSY,0.2581359556917211,0.20889055728912354,0,0,MMP20
!--AAALS---,0.24395017501185923,0.465332567691803,0,0,MMP20
!FMPLNFTASG,0.22313889685799104,0.13472478091716766,0,0,MMP20
!YGPRAVTASG,0.0219855030231616,0.38007646799087524,0,0,MMP20
!LGPYAMTSRG,-0.17336839086869205,0.30490660667419434,0,0,MMP20
!SGPRAFWGTA,-0.48928763794110103,0.15978409349918365,0,0,MMP20
