sequences,Pred Z-scores,uncertainty,exact matches,exact active,mmp
!LGPYAMTSRG,2.0763916969299316,0.39312994480133057,0,0,MMP24
!FMPLNFTASG,1.7723381519317627,0.19998255372047424,0,0,MMP24
!--AAALS---,0.1632075160741806,0.35917678475379944,0,0,MMP24
!SGPRAFWGTA,0.0581987202167511,0.1904107928276062,0,0,MMP24
!YGPRAVTASG,-0.025033194571733475,0.22159506380558014,0,0,MMP24
!AKPNRLVNSY,-0.6380821466445923,0.09639894962310791,0,0,MMP24
!AARFKKFATE,-0.9363247156143188,0.10888100415468216,0,0,MMP24
