sequences,Pred Z-scores,uncertainty,exact matches,exact active,mmp
!LGPYAMTSRG,3.44099760055542,0.19613619148731232,0,0,MMP2
!FMPLNFTASG,2.918435573577881,0.16494882106781006,0,0,MMP2
!YGPRAVTASG,1.4979082345962524,0.19428591430187225,0,0,MMP2
!SGPRAFWGTA,1.4777135848999023,0.3082411289215088,0,0,MMP2
!AKPNRLVNSY,0.34830307960510254,0.17699220776557922,0,0,MMP2
!--AAALS---,-0.08409000188112259,0.18635794520378113,0,0,MMP2
!AARFKKFATE,-0.46616610884666443,0.16740523278713226,0,0,MMP2
