sequences,Pred Z-scores,uncertainty,exact matches,exact active,mmp
!FMPLNFTASG,2.426161527633667,0.13472478091716766,0,0,MMP20
!LGPYAMTSRG,1.984635591506958,0.30490660667419434,0,0,MMP20
!--AAALS---,0.6348856687545776,0.465332567691803,0,0,MMP20
!YGPRAVTASG,0.2260129451751709,0.38007646799087524,0,0,MMP20
!AKPNRLVNSY,0.1920851767063141,0.20889055728912354,0,0,MMP20
!AARFKKFATE,-0.20873594284057617,0.2205200344324112,0,0,MMP20
!SGPRAFWGTA,-0.3585333228111267,0.15978409349918365,0,0,MMP20
