sequences,Pred Z-scores,uncertainty,exact matches,exact active,mmp
!FMPLNFTASG,2.173388719558716,0.31381410360336304,0,0,MMP25
!LGPYAMTSRG,1.5806856155395508,0.5043997764587402,0,0,MMP25
!--AAALS---,1.2921069860458374,0.5983745455741882,0,0,MMP25
!AKPNRLVNSY,0.0014874875778332353,0.1560460925102234,0,0,MMP25
!AARFKKFATE,-0.40563130378723145,0.13643458485603333,0,0,MMP25
!YGPRAVTASG,-0.5006200075149536,0.20419782400131226,0,0,MMP25
!SGPRAFWGTA,-0.6471524834632874,0.033627960830926895,0,0,MMP25
