sequences,Pred Z-scores,uncertainty,exact matches,exact active,mmp
!LGPYAMTSRG,2.4866862297058105,0.16254164278507233,0,0,MMP3
!FMPLNFTASG,2.123675584793091,0.09246572107076645,0,0,MMP3
!--AAALS---,0.6485280394554138,0.28909510374069214,0,0,MMP3
!YGPRAVTASG,0.5411403179168701,0.35838019847869873,0,0,MMP3
!SGPRAFWGTA,0.1853860765695572,0.22693218290805817,0,0,MMP3
!AKPNRLVNSY,0.16567082703113556,0.12213282287120819,0,0,MMP3
!AARFKKFATE,-0.04281161352992058,0.20279869437217712,0,0,MMP3
