sequences,Weighted Z-scores,uncertainty,exact matches,exact active,mmp
!AKPNRLVNSY,0.6732503058703836,0.2252233922481537,0,0,MMP7
!--AAALS---,0.2863955962307313,0.24205322563648224,0,0,MMP7
!AARFKKFATE,-0.17300506440155644,0.1202046349644661,0,0,MMP7
!LGPYAMTSRG,-0.8459725029328289,0.22893600165843964,0,0,MMP7
!FMPLNFTASG,-0.890184595304377,0.09859347343444824,0,0,MMP7
!YGPRAVTASG,-0.956329471705591,0.46579262614250183,0,0,MMP7
!SGPRAFWGTA,-1.156586593016982,0.18491552770137787,0,0,MMP7
