sequences,Pred Z-scores,uncertainty,exact matches,exact active,mmp
!FMPLNFTASG,1.3746893405914307,0.09859347343444824,0,0,MMP7
!LGPYAMTSRG,1.3493983745574951,0.22893600165843964,0,0,MMP7
!--AAALS---,0.6749730110168457,0.24205322563648224,0,0,MMP7
!AKPNRLVNSY,0.5841376185417175,0.2252233922481537,0,0,MMP7
!AARFKKFATE,-0.6539084315299988,0.1202046349644661,0,0,MMP7
!YGPRAVTASG,-0.6979511976242065,0.46579262614250183,0,0,MMP7
!SGPRAFWGTA,-0.9887601137161255,0.18491552770137787,0,0,MMP7
